,cn,count,time (ms),rct
0,free5gc,2480983,24708807.133776,256.9666071428572
1,oai,2201550,19045351.509251,-1.2010185185185185
2,open5gs,253775,36297683.288161,32.95532738095238
